id,nome,preco,categoria,quantidade,valor,data_compra
1,Ultra Notebook,59.13,Roupas,43,2542.59,2025-05-10
2,Super Tênis,1415.87,Móveis,20,28317.4,2025-01-16
3,Nova Cadeira,141.87,Esportes,23,3263.01,2023-04-05
4,Max Raquete,1031.82,Informática,50,51591.0,2023-07-02
5,Nova Televisão,72.13,Brinquedos,46,3317.98,2024-03-13
6,Super Televisão,128.81,Esportes,2,257.62,2024-10-30
7,Ultra Tablet,102.16,Livros,41,4188.56,2023-01-23
8,Eco Sofá,712.37,Eletrodomésticos,8,5698.96,2024-05-08
9,Nova Televisão,2705.68,Eletrodomésticos,42,113638.56,2025-01-22
10,Pro Raquete,2943.73,Eletrodomésticos,50,147186.5,2023-08-04
11,Eco Smartphone,1736.9,Eletrônicos,18,31264.2,2024-12-24
12,Super Raquete,1166.68,Móveis,49,57167.32,2025-04-23
13,Tech Bola,2579.51,Eletrodomésticos,50,128975.5,2024-04-11
14,Ultra Teclado,142.79,Brinquedos,7,999.53,2025-01-28
15,Nova Smartphone,83.63,Brinquedos,46,3846.98,2023-02-21
16,Super Televisão,125.35,Acessórios,45,5640.75,2025-01-08
17,Pro Monitor,111.49,Acessórios,12,1337.88,2023-07-09
18,Prime Cadeira,44.31,Brinquedos,37,1639.47,2025-06-15
19,Prime Livro,948.41,Eletrodomésticos,40,37936.4,2025-02-08
20,Pro Televisão,107.97,Roupas,17,1835.49,2024-02-10
21,Tech Teclado,114.6,Roupas,30,3438.0,2024-06-14
22,Prime Mochila,2953.02,Eletrônicos,16,47248.32,2024-04-03
23,Prime Smartphone,705.49,Eletrodomésticos,46,32452.54,2024-07-04
24,Super Bola,170.76,Acessórios,24,4098.24,2025-02-10
25,Max Monitor,50.92,Livros,22,1120.24,2024-05-14
26,Eco Tablet,1877.72,Eletrônicos,44,82619.68,2025-01-21
27,Ultra Mochila,1838.81,Eletrodomésticos,23,42292.63,2023-05-25
28,Pro Smartphone,83.74,Acessórios,17,1423.58,2023-05-28
29,Pro Televisão,2559.6,Eletrodomésticos,29,74228.4,2023-12-29
30,Max Geladeira,1245.57,Eletrodomésticos,48,59787.36,2023-08-30
31,Super Monitor,132.43,Roupas,4,529.72,2024-10-15
32,Eco Smartphone,116.2,Brinquedos,47,5461.4,2023-05-27
33,Super Camiseta,1285.02,Informática,26,33410.52,2023-04-02
34,Max Monitor,26.16,Brinquedos,34,889.44,2024-04-22
35,Nova Geladeira,1933.92,Eletrônicos,30,58017.6,2023-06-09
36,Ultra Smartphone,110.87,Roupas,9,997.83,2024-11-30
37,Tech Geladeira,79.92,Livros,3,239.76,2024-04-16
38,Ultra Smartphone,3363.65,Informática,12,40363.8,2025-01-13
39,Prime Raquete,101.5,Brinquedos,40,4060.0,2023-08-05
40,Ultra Notebook,114.14,Roupas,9,1027.26,2025-02-09
41,Max Raquete,874.17,Eletrodomésticos,40,34966.8,2025-04-12
42,Ultra Livro,12.19,Livros,3,36.57,2023-06-17
43,Max Tablet,24.78,Roupas,44,1090.32,2024-09-08
44,Ultra Raquete,1945.59,Informática,45,87551.55,2023-10-13
45,Pro Livro,613.86,Móveis,22,13504.92,2023-02-19
46,Pro Monitor,4704.14,Informática,19,89378.66,2024-08-29
47,Pro Televisão,100.79,Roupas,48,4837.92,2023-11-22
48,Super Tênis,1852.76,Informática,6,11116.56,2023-12-14
49,Tech Raquete,4923.08,Eletrônicos,20,98461.6,2024-03-08
50,Prime Camiseta,2497.68,Eletrodomésticos,31,77428.08,2024-05-07
51,Super Geladeira,2587.88,Eletrodomésticos,18,46581.84,2023-08-24
52,Pro Monitor,35.25,Brinquedos,1,35.25,2023-05-01
53,Nova Televisão,3400.38,Informática,40,136015.2,2024-06-06
54,Nova Livro,116.84,Brinquedos,21,2453.64,2023-08-20
55,Prime Smartphone,1548.79,Móveis,16,24780.64,2023-02-02
56,Prime Tênis,3115.09,Informática,35,109028.15,2023-10-25
57,Pro Teclado,146.53,Livros,24,3516.72,2024-07-30
58,Eco Camiseta,1513.39,Móveis,32,48428.48,2025-03-20
59,Prime Camiseta,2699.34,Eletrodomésticos,49,132267.66,2023-06-29
60,Nova Cadeira,139.47,Acessórios,16,2231.52,2023-07-03
61,Eco Cadeira,1540.39,Eletrodomésticos,7,10782.73,2024-11-20
62,Pro Bola,26.93,Esportes,49,1319.57,2025-01-14
63,Nova Raquete,2086.43,Eletrodomésticos,36,75111.48,2025-02-07
64,Super Notebook,1932.38,Eletrônicos,41,79227.58,2023-02-12
65,Super Mochila,112.9,Roupas,4,451.6,2025-05-10
66,Nova Sofá,1188.91,Informática,46,54689.86,2023-09-30
67,Super Cadeira,39.29,Brinquedos,30,1178.7,2023-10-16
68,Super Bola,30.92,Livros,20,618.4,2024-06-17
69,Ultra Bola,130.17,Livros,18,2343.06,2024-01-26
70,Max Notebook,2242.61,Eletrodomésticos,49,109887.89,2023-05-01
71,Tech Televisão,1176.62,Eletrodomésticos,26,30592.12,2025-04-26
72,Nova Geladeira,4025.49,Informática,38,152968.62,2023-04-23
73,Nova Televisão,15.7,Brinquedos,12,188.4,2023-09-25
74,Pro Cadeira,40.38,Livros,15,605.7,2025-04-04
75,Nova Cadeira,38.4,Acessórios,24,921.6,2024-02-23
76,Tech Livro,4201.89,Informática,32,134460.48,2025-04-13
77,Max Camiseta,114.05,Livros,12,1368.6,2023-11-10
78,Tech Mochila,17.3,Livros,16,276.8,2024-02-26
79,Eco Raquete,47.42,Acessórios,21,995.82,2025-05-31
80,Pro Monitor,2974.79,Informática,34,101142.86,2023-07-26
81,Max Notebook,3601.58,Eletrônicos,6,21609.48,2023-09-15
82,Eco Mochila,153.6,Roupas,49,7526.4,2025-06-09
83,Nova Monitor,95.11,Esportes,41,3899.51,2023-10-23
84,Nova Livro,30.31,Acessórios,39,1182.09,2025-02-24
85,Tech Camiseta,106.16,Esportes,11,1167.76,2024-08-31
86,Eco Tênis,94.17,Acessórios,9,847.53,2024-08-05
87,Nova Monitor,154.48,Acessórios,12,1853.76,2023-01-15
88,Eco Sofá,4339.24,Eletrônicos,30,130177.2,2023-08-12
89,Tech Tablet,2146.07,Eletrodomésticos,9,19314.63,2024-11-17
90,Pro Mochila,91.83,Esportes,36,3305.88,2023-10-17
91,Ultra Televisão,141.87,Livros,38,5391.06,2023-08-13
92,Pro Teclado,96.77,Esportes,33,3193.41,2024-07-26
93,Eco Tênis,1719.48,Informática,7,12036.36,2023-01-25
94,Nova Notebook,40.45,Brinquedos,43,1739.35,2024-12-15
95,Prime Monitor,3448.68,Informática,26,89665.68,2023-11-19
96,Nova Geladeira,259.01,Móveis,18,4662.18,2023-01-20
97,Super Cadeira,4893.82,Informática,29,141920.78,2025-02-16
98,Tech Camiseta,763.88,Eletrônicos,29,22152.52,2024-11-09
99,Super Televisão,31.43,Esportes,46,1445.78,2025-05-21
100,Max Smartphone,151.84,Acessórios,15,2277.6,2023-12-06
101,Super Cadeira,42.15,Acessórios,37,1559.55,2024-02-28
102,Eco Raquete,129.31,Brinquedos,25,3232.75,2024-08-13
103,Nova Geladeira,155.91,Acessórios,17,2650.47,2024-08-08
104,Max Cadeira,116.44,Esportes,50,5822.0,2023-11-12
105,Nova Mochila,122.0,Esportes,34,4148.0,2024-08-05
106,Max Mochila,1385.78,Eletrodomésticos,29,40187.62,2024-01-16
107,Prime Bola,115.67,Esportes,19,2197.73,2024-07-12
108,Nova Monitor,114.29,Livros,26,2971.54,2023-06-22
109,Pro Cadeira,1018.75,Informática,17,17318.75,2025-03-28
110,Prime Sofá,2850.54,Eletrônicos,18,51309.72,2025-03-05
111,Eco Geladeira,132.2,Esportes,33,4362.6,2025-04-17
112,Nova Sofá,100.15,Acessórios,38,3805.7,2024-08-07
113,Pro Monitor,148.68,Roupas,12,1784.16,2025-04-30
114,Max Raquete,133.81,Acessórios,1,133.81,2025-05-01
115,Eco Bola,911.64,Móveis,49,44670.36,2023-01-11
116,Prime Cadeira,2376.45,Eletrodomésticos,36,85552.2,2025-05-25
117,Super Geladeira,3292.44,Eletrônicos,45,148159.8,2023-05-29
118,Pro Camiseta,2183.33,Eletrodomésticos,3,6549.99,2024-11-30
119,Tech Camiseta,155.45,Acessórios,36,5596.2,2024-12-14
120,Super Livro,33.69,Livros,12,404.28,2023-11-19
121,Pro Teclado,70.2,Roupas,33,2316.6,2025-05-26
122,Super Teclado,104.11,Brinquedos,40,4164.4,2023-04-17
123,Ultra Teclado,138.24,Acessórios,18,2488.32,2025-06-11
124,Super Livro,120.73,Livros,25,3018.25,2024-07-02
125,Prime Geladeira,149.76,Livros,18,2695.68,2024-09-20
126,Prime Monitor,4755.95,Eletrônicos,45,214017.75,2025-02-26
127,Eco Bola,457.28,Eletrodomésticos,35,16004.8,2023-05-11
128,Eco Monitor,3606.74,Eletrônicos,44,158696.56,2024-12-15
129,Pro Tênis,455.04,Eletrodomésticos,28,12741.12,2025-01-18
130,Pro Raquete,32.89,Livros,46,1512.94,2024-07-11
131,Tech Notebook,705.15,Móveis,35,24680.25,2023-01-06
132,Ultra Camiseta,121.24,Esportes,10,1212.4,2024-11-22
133,Pro Camiseta,157.83,Acessórios,22,3472.26,2023-02-02
134,Ultra Mochila,1112.5,Eletrodomésticos,34,37825.0,2025-02-03
135,Prime Teclado,87.81,Livros,26,2283.06,2025-05-20
136,Tech Teclado,2370.3,Eletrodomésticos,2,4740.6,2023-08-18
137,Nova Tablet,115.26,Esportes,6,691.56,2024-07-13
138,Super Smartphone,663.26,Móveis,13,8622.38,2024-01-19
139,Ultra Camiseta,2898.89,Eletrônicos,49,142045.61,2023-01-04
140,Ultra Geladeira,1759.59,Eletrodomésticos,32,56306.88,2023-02-10
141,Super Sofá,54.29,Livros,16,868.64,2025-02-20
142,Pro Camiseta,4274.3,Informática,32,136777.6,2023-01-05
143,Super Smartphone,68.99,Livros,37,2552.63,2023-08-07
144,Max Tablet,41.22,Livros,11,453.42,2024-05-08
145,Tech Monitor,65.97,Livros,23,1517.31,2023-12-13
146,Super Teclado,164.5,Roupas,3,493.5,2025-01-15
147,Ultra Televisão,836.15,Eletrodomésticos,49,40971.35,2024-07-11
148,Prime Televisão,65.42,Brinquedos,25,1635.5,2023-01-18
149,Nova Tênis,162.51,Roupas,47,7637.97,2023-04-04
150,Super Teclado,91.03,Livros,33,3003.99,2024-03-01
151,Eco Tênis,149.25,Brinquedos,21,3134.25,2024-10-05
152,Prime Cadeira,2058.7,Eletrodomésticos,36,74113.2,2023-07-20
153,Pro Camiseta,129.76,Esportes,2,259.52,2025-05-23
154,Eco Cadeira,130.23,Roupas,13,1692.99,2025-04-13
155,Super Cadeira,1558.37,Eletrodomésticos,17,26492.29,2025-03-26
156,Pro Tablet,170.15,Roupas,26,4423.9,2023-11-23
157,Tech Tênis,34.3,Brinquedos,50,1715.0,2025-06-01
158,Nova Livro,89.08,Esportes,33,2939.64,2024-07-03
159,Eco Mochila,138.52,Livros,50,6926.0,2023-10-28
160,Max Teclado,59.18,Roupas,19,1124.42,2025-03-07
161,Pro Cadeira,197.32,Acessórios,26,5130.32,2025-04-10
162,Ultra Livro,84.02,Acessórios,32,2688.64,2024-02-23
163,Eco Notebook,13.84,Livros,20,276.8,2023-08-03
164,Prime Raquete,102.84,Acessórios,23,2365.32,2024-06-05
165,Nova Televisão,3654.2,Informática,16,58467.2,2023-11-06
166,Nova Tablet,65.81,Brinquedos,13,855.53,2023-11-17
167,Eco Raquete,165.05,Roupas,35,5776.75,2023-10-06
168,Prime Notebook,1352.86,Móveis,5,6764.3,2023-04-27
169,Super Bola,4343.87,Eletrônicos,43,186786.41,2024-08-02
170,Ultra Mochila,151.19,Roupas,12,1814.28,2024-03-25
171,Eco Geladeira,70.25,Brinquedos,21,1475.25,2023-12-22
172,Nova Tablet,115.13,Esportes,34,3914.42,2023-04-01
173,Tech Sofá,31.17,Roupas,44,1371.48,2023-07-07
174,Nova Sofá,172.0,Roupas,43,7396.0,2024-05-20
175,Ultra Camiseta,113.56,Acessórios,16,1816.96,2023-11-21
176,Pro Notebook,1736.69,Móveis,32,55574.08,2023-01-08
177,Eco Tablet,61.28,Acessórios,21,1286.88,2024-09-13
178,Tech Geladeira,4112.45,Eletrônicos,26,106923.7,2024-05-24
179,Tech Teclado,58.32,Livros,41,2391.12,2025-04-26
180,Nova Smartphone,3269.93,Informática,29,94827.97,2024-09-30
181,Super Tênis,181.99,Roupas,21,3821.79,2023-10-13
182,Tech Tênis,2731.64,Eletrônicos,28,76485.92,2023-02-15
183,Tech Tablet,1821.74,Informática,1,1821.74,2024-05-20
184,Max Teclado,15.55,Livros,6,93.3,2024-09-13
185,Ultra Smartphone,1894.25,Informática,6,11365.5,2025-04-25
186,Ultra Sofá,4768.24,Eletrônicos,13,61987.12,2024-10-21
187,Super Sofá,3277.29,Informática,38,124537.02,2025-04-04
188,Max Teclado,189.1,Roupas,5,945.5,2024-06-17
189,Super Sofá,106.73,Esportes,40,4269.2,2024-02-11
190,Tech Notebook,53.9,Roupas,28,1509.2,2024-06-09
191,Max Bola,98.91,Brinquedos,17,1681.47,2023-07-22
192,Tech Mochila,120.29,Esportes,29,3488.41,2024-02-09
193,Super Tablet,104.19,Esportes,15,1562.85,2023-01-09
194,Prime Notebook,178.78,Acessórios,4,715.12,2024-06-07
195,Nova Bola,10.69,Brinquedos,44,470.36,2023-11-02
196,Pro Tablet,66.75,Brinquedos,10,667.5,2025-06-14
197,Tech Mochila,136.98,Acessórios,9,1232.82,2024-07-05
198,Tech Bola,2358.96,Eletrodomésticos,2,4717.92,2024-03-19
199,Prime Televisão,1912.07,Eletrodomésticos,14,26768.98,2023-12-12
200,Eco Notebook,52.8,Livros,25,1320.0,2025-06-24
201,Super Camiseta,1668.88,Informática,24,40053.12,2024-10-31
202,Max Bola,4388.66,Informática,32,140437.12,2024-06-01
203,Prime Raquete,42.47,Esportes,18,764.46,2023-09-05
204,Max Cadeira,1833.17,Móveis,13,23831.21,2024-12-24
205,Tech Sofá,1563.11,Móveis,31,48456.41,2024-10-05
206,Ultra Camiseta,101.54,Brinquedos,33,3350.82,2023-10-15
207,Super Camiseta,4588.92,Eletrônicos,38,174378.96,2023-03-21
208,Ultra Bola,107.44,Esportes,28,3008.32,2024-09-21
209,Nova Monitor,124.16,Acessórios,12,1489.92,2024-09-05
210,Super Televisão,49.88,Acessórios,10,498.8,2023-02-09
211,Prime Cadeira,109.19,Esportes,39,4258.41,2024-10-05
212,Max Monitor,46.27,Acessórios,6,277.62,2023-02-19
213,Tech Mochila,111.52,Brinquedos,8,892.16,2025-03-24
214,Max Cadeira,4724.79,Eletrônicos,13,61422.27,2023-03-23
215,Nova Televisão,1044.42,Móveis,17,17755.14,2024-06-30
216,Pro Livro,81.89,Livros,22,1801.58,2024-10-05
217,Eco Sofá,55.2,Esportes,8,441.6,2024-07-29
218,Nova Tablet,1666.03,Móveis,35,58311.05,2025-05-07
219,Nova Tênis,47.31,Acessórios,3,141.93,2025-01-30
220,Prime Monitor,1066.46,Móveis,40,42658.4,2025-03-19
221,Eco Raquete,124.79,Acessórios,48,5989.92,2024-09-21
222,Eco Smartphone,105.74,Livros,17,1797.58,2023-02-11
223,Max Bola,3012.38,Eletrônicos,23,69284.74,2024-03-28
224,Super Sofá,4297.84,Informática,39,167615.76,2024-06-13
225,Max Raquete,1538.18,Eletrônicos,7,10767.26,2025-06-10
226,Pro Teclado,211.62,Móveis,2,423.24,2025-03-28
227,Max Tablet,105.76,Brinquedos,23,2432.48,2025-05-01
228,Tech Tablet,12.26,Esportes,28,343.28,2024-02-02
229,Pro Livro,13.16,Livros,43,565.88,2024-03-27
230,Eco Raquete,31.85,Brinquedos,32,1019.2,2024-02-25
231,Tech Geladeira,60.97,Esportes,49,2987.53,2024-09-22
232,Nova Tablet,848.26,Móveis,3,2544.78,2023-12-02
233,Super Mochila,141.23,Esportes,27,3813.21,2023-02-28
234,Max Tênis,58.93,Roupas,26,1532.18,2023-10-31
235,Max Raquete,128.98,Roupas,47,6062.06,2023-11-16
236,Prime Cadeira,44.34,Esportes,46,2039.64,2023-12-15
237,Eco Televisão,570.28,Eletrônicos,44,25092.32,2024-08-23
238,Nova Camiseta,151.27,Roupas,40,6050.8,2023-06-17
239,Tech Raquete,1775.83,Móveis,4,7103.32,2023-05-09
240,Tech Camiseta,47.32,Esportes,21,993.72,2025-02-15
241,Pro Mochila,2416.09,Eletrodomésticos,24,57986.16,2025-06-24
242,Eco Camiseta,504.29,Móveis,33,16641.57,2023-06-28
243,Max Tablet,26.87,Livros,30,806.1,2024-02-27
244,Eco Geladeira,173.68,Acessórios,4,694.72,2023-09-08
245,Max Smartphone,67.46,Acessórios,13,876.98,2023-12-23
246,Max Televisão,22.36,Roupas,35,782.6,2023-04-06
247,Prime Livro,2356.06,Eletrônicos,49,115446.94,2025-02-20
248,Super Notebook,70.4,Roupas,3,211.2,2024-02-22
249,Ultra Sofá,50.6,Brinquedos,14,708.4,2024-01-27
250,Max Teclado,51.62,Esportes,42,2168.04,2024-03-25
251,Max Smartphone,23.95,Livros,39,934.05,2025-03-09
252,Super Tênis,1827.83,Eletrodomésticos,15,27417.45,2023-07-16
253,Ultra Teclado,3616.42,Eletrônicos,32,115725.44,2024-04-09
254,Pro Smartphone,4733.8,Informática,5,23669.0,2025-03-05
255,Ultra Monitor,1547.67,Eletrodomésticos,45,69645.15,2024-10-06
256,Super Raquete,48.06,Brinquedos,24,1153.44,2024-12-08
257,Ultra Notebook,139.24,Livros,48,6683.52,2024-07-07
258,Ultra Notebook,4275.44,Informática,44,188119.36,2024-02-19
259,Eco Tablet,58.26,Esportes,25,1456.5,2024-08-01
260,Prime Smartphone,92.19,Esportes,46,4240.74,2023-02-17
261,Prime Sofá,132.19,Livros,9,1189.71,2024-09-06
262,Prime Raquete,46.4,Acessórios,3,139.2,2024-02-25
263,Pro Mochila,3468.75,Informática,34,117937.5,2023-07-16
264,Eco Mochila,93.34,Roupas,35,3266.9,2023-10-30
265,Prime Geladeira,158.43,Roupas,5,792.15,2024-12-05
266,Max Notebook,196.27,Roupas,12,2355.24,2023-03-14
267,Tech Notebook,397.14,Eletrodomésticos,35,13899.9,2023-02-10
268,Prime Tênis,3463.72,Informática,38,131621.36,2024-07-15
269,Max Cadeira,1482.59,Móveis,15,22238.85,2023-10-05
270,Ultra Teclado,83.3,Roupas,24,1999.2,2023-05-10
271,Super Geladeira,64.28,Brinquedos,22,1414.16,2024-11-01
272,Pro Geladeira,110.73,Livros,37,4097.01,2025-03-20
273,Eco Bola,83.83,Brinquedos,40,3353.2,2025-03-17
274,Super Livro,2842.14,Eletrônicos,24,68211.36,2024-01-24
275,Tech Raquete,90.65,Roupas,2,181.3,2023-07-24
276,Pro Monitor,118.08,Livros,48,5667.84,2023-07-26
277,Nova Tablet,60.21,Roupas,47,2829.87,2023-04-06
278,Eco Televisão,112.91,Esportes,7,790.37,2024-06-16
279,Pro Cadeira,1879.63,Móveis,26,48870.38,2023-03-12
280,Tech Tênis,101.91,Acessórios,18,1834.38,2024-03-04
281,Nova Bola,1680.55,Informática,41,68902.55,2024-12-03
282,Prime Smartphone,1888.47,Móveis,29,54765.63,2023-05-09
283,Eco Cadeira,96.55,Acessórios,11,1062.05,2024-11-22
284,Prime Teclado,1910.15,Eletrônicos,26,49663.9,2024-12-11
285,Nova Sofá,25.18,Esportes,49,1233.82,2025-04-24
286,Nova Bola,622.61,Informática,15,9339.15,2023-06-01
287,Max Tablet,130.67,Livros,35,4573.45,2024-07-13
288,Prime Teclado,4752.7,Eletrônicos,16,76043.2,2024-04-11
289,Super Cadeira,4435.64,Eletrônicos,43,190732.52,2024-10-20
290,Prime Tablet,2367.02,Informática,6,14202.12,2024-10-24
291,Ultra Bola,2474.85,Eletrônicos,5,12374.25,2024-12-30
292,Super Raquete,33.05,Acessórios,6,198.3,2025-04-22
293,Nova Bola,1665.68,Informática,25,41642.0,2023-03-19
294,Max Cadeira,29.77,Brinquedos,28,833.56,2023-07-28
295,Eco Televisão,138.48,Roupas,27,3738.96,2024-03-17
296,Super Televisão,605.61,Eletrodomésticos,5,3028.05,2024-05-02
297,Nova Geladeira,1803.91,Móveis,21,37882.11,2023-04-19
298,Nova Tablet,825.02,Móveis,44,36300.88,2023-12-26
299,Prime Sofá,136.78,Roupas,19,2598.82,2023-12-19
300,Nova Raquete,138.3,Esportes,37,5117.1,2025-03-01
301,Prime Teclado,354.4,Móveis,21,7442.4,2023-10-13
302,Max Raquete,149.76,Brinquedos,32,4792.32,2023-01-07
303,Eco Mochila,69.23,Roupas,40,2769.2,2023-02-06
304,Ultra Tênis,730.41,Móveis,42,30677.22,2023-02-23
305,Max Notebook,919.95,Eletrônicos,48,44157.6,2024-11-07
306,Super Raquete,1687.7,Móveis,17,28690.9,2024-08-05
307,Eco Tênis,1415.55,Eletrodomésticos,28,39635.4,2024-03-06
308,Nova Smartphone,2409.03,Eletrodomésticos,42,101179.26,2023-10-18
309,Max Sofá,120.41,Acessórios,2,240.82,2023-01-26
310,Max Mochila,111.97,Livros,5,559.85,2024-01-30
311,Nova Geladeira,1372.93,Eletrodomésticos,49,67273.57,2025-06-23
312,Pro Geladeira,1504.86,Eletrodomésticos,38,57184.68,2024-08-17
313,Super Televisão,92.22,Acessórios,29,2674.38,2025-03-24
314,Tech Tênis,680.82,Informática,5,3404.1,2025-01-25
315,Pro Notebook,442.62,Móveis,44,19475.28,2023-10-25
316,Max Livro,776.1,Móveis,14,10865.4,2025-04-02
317,Tech Livro,88.47,Brinquedos,38,3361.86,2023-01-01
318,Tech Televisão,1046.89,Móveis,27,28266.03,2025-06-21
319,Pro Teclado,108.79,Roupas,3,326.37,2023-12-25
320,Nova Camiseta,27.17,Esportes,19,516.23,2023-10-03
321,Tech Teclado,120.21,Livros,5,601.05,2023-11-01
322,Max Monitor,1178.53,Móveis,27,31820.31,2023-01-28
323,Prime Camiseta,22.96,Livros,16,367.36,2023-11-04
324,Pro Monitor,854.08,Móveis,1,854.08,2024-02-11
325,Tech Sofá,127.25,Livros,22,2799.5,2024-11-19
326,Super Bola,116.0,Acessórios,31,3596.0,2023-10-15
327,Tech Raquete,52.46,Esportes,14,734.44,2023-07-06
328,Super Sofá,4025.86,Informática,11,44284.46,2023-06-02
329,Eco Teclado,73.43,Livros,18,1321.74,2025-02-22
330,Ultra Teclado,4323.4,Informática,9,38910.6,2023-07-12
331,Max Cadeira,80.83,Brinquedos,47,3799.01,2024-08-07
332,Ultra Tênis,1401.0,Informática,3,4203.0,2024-08-28
333,Prime Televisão,82.48,Brinquedos,25,2062.0,2023-12-12
334,Tech Mochila,59.9,Brinquedos,49,2935.1,2023-01-06
335,Eco Raquete,12.65,Brinquedos,4,50.6,2024-05-14
336,Super Geladeira,663.48,Eletrodomésticos,33,21894.84,2023-07-28
337,Nova Raquete,3964.12,Eletrônicos,2,7928.24,2025-04-16
338,Nova Tênis,154.96,Acessórios,12,1859.52,2023-04-04
339,Pro Geladeira,4187.76,Eletrônicos,26,108881.76,2023-04-21
340,Tech Geladeira,91.58,Acessórios,42,3846.36,2024-07-28
341,Tech Tênis,121.63,Acessórios,27,3284.01,2024-10-16
342,Super Teclado,3783.48,Informática,20,75669.6,2024-11-07
343,Nova Televisão,142.65,Acessórios,26,3708.9,2025-03-09
344,Super Raquete,114.5,Esportes,13,1488.5,2024-03-13
345,Nova Monitor,1768.15,Móveis,21,37131.15,2024-10-25
346,Super Mochila,1680.31,Eletrodomésticos,38,63851.78,2024-02-25
347,Ultra Camiseta,392.86,Móveis,36,14142.96,2024-03-08
348,Nova Televisão,126.41,Acessórios,41,5182.81,2024-03-16
349,Prime Televisão,30.45,Esportes,29,883.05,2024-05-03
350,Ultra Notebook,522.47,Móveis,33,17241.51,2025-02-09
351,Tech Tênis,2208.1,Informática,28,61826.8,2023-09-09
352,Max Notebook,476.22,Móveis,8,3809.76,2025-06-23
353,Pro Bola,3386.89,Eletrônicos,42,142249.38,2023-05-24
354,Tech Camiseta,1590.62,Informática,20,31812.4,2025-02-08
355,Tech Livro,72.7,Livros,20,1454.0,2024-09-14
356,Prime Bola,53.46,Livros,31,1657.26,2024-10-30
357,Pro Monitor,487.37,Móveis,35,17057.95,2024-06-01
358,Ultra Cadeira,120.55,Roupas,11,1326.05,2023-06-26
359,Nova Televisão,2266.7,Eletrônicos,23,52134.1,2024-01-22
360,Max Monitor,100.1,Brinquedos,1,100.1,2023-01-15
361,Eco Monitor,2158.75,Eletrodomésticos,23,49651.25,2023-04-24
362,Tech Monitor,3182.49,Eletrônicos,3,9547.47,2025-06-25
363,Pro Sofá,293.85,Móveis,6,1763.1,2024-11-02
364,Nova Mochila,2434.18,Eletrônicos,24,58420.32,2024-12-30
365,Ultra Televisão,49.3,Roupas,11,542.3,2024-10-01
366,Max Smartphone,184.88,Acessórios,35,6470.8,2023-07-16
367,Tech Monitor,21.61,Livros,16,345.76,2024-04-26
368,Nova Camiseta,196.23,Acessórios,46,9026.58,2023-01-03
369,Ultra Tênis,4120.3,Eletrônicos,6,24721.8,2023-07-22
370,Tech Monitor,1221.39,Móveis,27,32977.53,2024-11-04
371,Super Televisão,4050.26,Eletrônicos,1,4050.26,2024-06-08
372,Ultra Monitor,4932.01,Eletrônicos,36,177552.36,2025-06-13
373,Pro Camiseta,33.87,Brinquedos,31,1049.97,2025-01-25
374,Pro Bola,2352.26,Informática,20,47045.2,2023-05-06
375,Eco Camiseta,2726.89,Informática,41,111802.49,2023-10-26
376,Prime Livro,4689.36,Informática,39,182885.04,2024-04-30
377,Super Bola,117.14,Esportes,24,2811.36,2024-11-30
378,Ultra Bola,78.33,Roupas,4,313.32,2024-08-13
379,Nova Camiseta,742.58,Eletrodomésticos,44,32673.52,2024-07-10
380,Max Monitor,81.44,Esportes,24,1954.56,2023-01-08
381,Prime Notebook,87.97,Roupas,32,2815.04,2023-03-24
382,Nova Livro,81.93,Acessórios,25,2048.25,2023-11-17
383,Tech Monitor,47.28,Livros,10,472.8,2025-03-25
384,Eco Smartphone,4287.03,Informática,5,21435.15,2024-07-20
385,Super Televisão,132.5,Acessórios,31,4107.5,2025-01-03
386,Tech Mochila,64.38,Acessórios,44,2832.72,2023-12-06
387,Tech Bola,1594.79,Eletrônicos,4,6379.16,2023-01-22
388,Nova Raquete,1840.25,Informática,41,75450.25,2023-08-05
389,Super Teclado,135.36,Livros,9,1218.24,2024-05-14
390,Ultra Smartphone,36.14,Roupas,40,1445.6,2025-06-19
391,Super Monitor,35.8,Acessórios,2,71.6,2024-05-29
392,Nova Teclado,96.18,Esportes,9,865.62,2023-05-29
393,Eco Smartphone,736.89,Móveis,47,34633.83,2025-05-20
394,Super Teclado,130.07,Roupas,36,4682.52,2024-06-20
395,Prime Tablet,114.75,Livros,48,5508.0,2024-04-15
396,Eco Raquete,4452.14,Eletrônicos,22,97947.08,2023-07-13
397,Prime Camiseta,138.51,Roupas,41,5678.91,2024-08-30
398,Pro Camiseta,149.04,Acessórios,29,4322.16,2023-02-25
399,Nova Monitor,728.85,Móveis,28,20407.8,2024-07-17
400,Tech Televisão,111.67,Esportes,30,3350.1,2024-07-23
401,Ultra Televisão,68.15,Esportes,20,1363.0,2023-05-14
402,Nova Livro,37.84,Livros,8,302.72,2025-04-12
403,Prime Televisão,22.73,Acessórios,23,522.79,2025-03-12
404,Super Tênis,1263.35,Informática,30,37900.5,2023-08-20
405,Eco Teclado,147.61,Livros,34,5018.74,2023-09-17
406,Nova Monitor,21.95,Roupas,1,21.95,2023-03-24
407,Ultra Sofá,106.31,Brinquedos,26,2764.06,2024-09-06
408,Eco Raquete,98.36,Livros,29,2852.44,2024-05-02
409,Nova Cadeira,91.02,Brinquedos,2,182.04,2024-05-19
410,Ultra Notebook,310.86,Móveis,42,13056.12,2023-08-20
411,Eco Bola,49.13,Livros,2,98.26,2023-03-09
412,Super Tênis,55.72,Roupas,25,1393.0,2024-04-26
413,Tech Camiseta,2485.59,Eletrodomésticos,45,111851.55,2023-09-21
414,Eco Teclado,38.33,Acessórios,8,306.64,2024-03-15
415,Nova Geladeira,14.64,Brinquedos,13,190.32,2023-02-27
416,Ultra Geladeira,83.15,Livros,36,2993.4,2024-12-30
417,Max Tablet,2749.7,Eletrodomésticos,4,10998.8,2023-06-09
418,Ultra Mochila,502.58,Eletrônicos,36,18092.88,2023-05-24
419,Pro Monitor,94.08,Acessórios,29,2728.32,2024-02-22
420,Max Sofá,89.17,Esportes,2,178.34,2023-11-15
421,Super Monitor,1015.14,Móveis,43,43651.02,2023-04-17
422,Pro Sofá,2354.17,Eletrodomésticos,34,80041.78,2024-09-09
423,Eco Sofá,3278.0,Eletrônicos,19,62282.0,2024-10-04
424,Ultra Tablet,1792.06,Móveis,35,62722.1,2024-10-10
425,Tech Smartphone,4145.81,Informática,12,49749.72,2024-10-21
426,Eco Camiseta,109.58,Brinquedos,7,767.06,2023-07-15
427,Pro Raquete,1961.62,Informática,48,94157.76,2024-10-02
428,Ultra Teclado,3520.49,Informática,49,172504.01,2023-07-24
429,Nova Cadeira,59.51,Brinquedos,8,476.08,2025-02-27
430,Tech Camiseta,93.57,Brinquedos,12,1122.84,2024-09-02
431,Tech Televisão,2764.85,Informática,10,27648.5,2023-11-27
432,Super Notebook,4510.17,Eletrônicos,11,49611.87,2024-09-30
433,Pro Notebook,1074.1,Eletrodomésticos,47,50482.7,2024-09-10
434,Nova Notebook,1093.81,Eletrônicos,11,12031.91,2024-01-20
435,Ultra Monitor,4480.1,Eletrônicos,32,143363.2,2023-02-28
436,Pro Tablet,180.25,Acessórios,29,5227.25,2025-06-13
437,Eco Televisão,1245.89,Informática,19,23671.91,2023-12-25
438,Pro Notebook,1895.31,Móveis,6,11371.86,2023-07-12
439,Prime Tênis,4454.34,Eletrônicos,5,22271.7,2024-06-19
440,Max Bola,12.24,Brinquedos,10,122.4,2024-12-04
441,Max Tablet,124.58,Acessórios,16,1993.28,2023-11-20
442,Pro Geladeira,2628.66,Eletrodomésticos,47,123547.02,2023-05-12
443,Ultra Geladeira,2594.25,Eletrodomésticos,38,98581.5,2023-10-16
444,Max Livro,1412.23,Móveis,48,67787.04,2025-03-14
445,Max Televisão,138.5,Roupas,39,5401.5,2023-09-28
446,Eco Livro,83.96,Esportes,24,2015.04,2024-02-03
447,Ultra Raquete,122.13,Roupas,29,3541.77,2024-01-14
448,Max Cadeira,1718.98,Móveis,4,6875.92,2024-12-10
449,Nova Televisão,94.98,Esportes,18,1709.64,2025-05-09
450,Nova Sofá,75.5,Livros,45,3397.5,2024-05-24
451,Pro Geladeira,358.75,Móveis,24,8610.0,2024-04-10
452,Pro Televisão,49.73,Brinquedos,25,1243.25,2024-08-29
453,Super Camiseta,4187.28,Eletrônicos,28,117243.84,2024-07-27
454,Pro Smartphone,117.79,Esportes,4,471.16,2024-11-29
455,Pro Teclado,24.19,Roupas,10,241.9,2025-02-14
456,Max Monitor,3235.96,Informática,10,32359.6,2025-06-15
457,Tech Tablet,35.6,Brinquedos,37,1317.2,2023-09-24
458,Eco Livro,895.8,Móveis,42,37623.6,2023-12-14
459,Pro Cadeira,51.94,Brinquedos,5,259.7,2024-10-03
460,Ultra Cadeira,121.76,Roupas,1,121.76,2025-02-09
461,Max Cadeira,1640.69,Eletrônicos,37,60705.53,2024-08-22
462,Prime Mochila,85.84,Roupas,44,3776.96,2024-12-29
463,Tech Teclado,56.4,Roupas,14,789.6,2024-09-07
464,Eco Cadeira,449.94,Eletrodomésticos,39,17547.66,2024-06-07
465,Tech Sofá,1850.38,Eletrônicos,50,92519.0,2024-02-16
466,Nova Televisão,344.37,Eletrodomésticos,34,11708.58,2025-01-06
467,Max Teclado,63.95,Brinquedos,35,2238.25,2024-12-04
468,Pro Televisão,35.78,Brinquedos,35,1252.3,2023-08-17
469,Pro Teclado,1995.02,Móveis,1,1995.02,2024-02-01
470,Ultra Cadeira,1673.78,Eletrodomésticos,44,73646.32,2025-03-24
471,Nova Teclado,2720.93,Eletrodomésticos,41,111558.13,2025-06-22
472,Max Teclado,1141.76,Móveis,31,35394.56,2023-09-26
473,Ultra Tablet,2743.99,Informática,17,46647.83,2024-04-17
474,Super Raquete,1663.05,Eletrônicos,8,13304.4,2023-06-10
475,Max Teclado,22.91,Brinquedos,35,801.85,2023-04-02
476,Prime Geladeira,179.0,Acessórios,23,4117.0,2023-10-07
477,Nova Smartphone,84.67,Roupas,48,4064.16,2024-08-13
478,Nova Monitor,4323.8,Eletrônicos,2,8647.6,2024-03-18
479,Max Monitor,1576.87,Móveis,23,36268.01,2023-01-22
480,Super Raquete,1241.86,Móveis,30,37255.8,2025-03-19
481,Pro Smartphone,4420.25,Eletrônicos,6,26521.5,2024-08-15
482,Eco Camiseta,86.95,Brinquedos,34,2956.3,2024-01-14
483,Eco Bola,194.92,Acessórios,1,194.92,2023-11-09
484,Prime Tênis,160.66,Acessórios,30,4819.8,2024-03-13
485,Super Teclado,4268.12,Eletrônicos,48,204869.76,2023-01-07
486,Prime Cadeira,82.8,Acessórios,35,2898.0,2024-03-07
487,Nova Sofá,76.29,Acessórios,1,76.29,2023-10-22
488,Super Smartphone,3662.94,Eletrônicos,49,179484.06,2024-08-31
489,Prime Monitor,147.59,Livros,25,3689.75,2023-11-28
490,Tech Raquete,1549.43,Eletrônicos,20,30988.6,2023-06-12
491,Ultra Sofá,137.87,Acessórios,5,689.35,2024-07-22
492,Nova Sofá,73.02,Esportes,26,1898.52,2024-11-03
493,Pro Cadeira,144.38,Roupas,29,4187.02,2023-02-14
494,Tech Bola,928.26,Móveis,9,8354.34,2023-01-17
495,Ultra Tablet,1959.75,Eletrodomésticos,27,52913.25,2023-12-15
496,Super Tênis,1023.91,Móveis,39,39932.49,2025-03-31
497,Ultra Livro,946.76,Eletrônicos,18,17041.68,2023-01-01
498,Ultra Geladeira,4698.24,Eletrônicos,33,155041.92,2023-09-14
499,Eco Raquete,27.39,Livros,40,1095.6,2023-08-28
500,Max Teclado,84.77,Brinquedos,11,932.47,2025-06-20
501,Pro Tablet,147.93,Brinquedos,39,5769.27,2025-05-27
502,Super Tablet,2480.76,Eletrodomésticos,8,19846.08,2025-05-07
503,Nova Notebook,66.1,Livros,25,1652.5,2024-08-17
504,Eco Teclado,105.04,Roupas,23,2415.92,2023-03-27
505,Nova Geladeira,139.09,Brinquedos,47,6537.23,2023-06-20
506,Super Monitor,80.18,Esportes,17,1363.06,2025-03-28
507,Eco Geladeira,820.56,Informática,27,22155.12,2023-01-03
508,Max Tênis,3720.42,Informática,27,100451.34,2023-06-22
509,Nova Smartphone,23.95,Brinquedos,1,23.95,2024-10-28
510,Ultra Camiseta,2207.49,Informática,24,52979.76,2023-03-11
511,Max Geladeira,144.0,Brinquedos,42,6048.0,2024-04-19
512,Eco Teclado,588.64,Eletrodomésticos,46,27077.44,2024-09-29
513,Pro Mochila,4240.07,Eletrônicos,46,195043.22,2023-02-02
514,Super Raquete,29.54,Acessórios,6,177.24,2023-11-02
515,Prime Smartphone,127.62,Brinquedos,2,255.24,2024-03-14
516,Max Cadeira,152.68,Roupas,50,7634.0,2024-04-23
517,Nova Camiseta,1605.16,Móveis,19,30498.04,2024-08-04
518,Ultra Notebook,507.57,Móveis,16,8121.12,2024-12-17
519,Pro Geladeira,1318.78,Móveis,25,32969.5,2023-02-12
520,Pro Cadeira,31.44,Roupas,17,534.48,2023-10-16
521,Pro Sofá,180.67,Acessórios,30,5420.1,2025-01-27
522,Prime Tablet,42.44,Roupas,13,551.72,2023-02-17
523,Super Livro,2814.43,Eletrodomésticos,30,84432.9,2023-02-01
524,Ultra Tênis,50.81,Roupas,38,1930.78,2023-07-09
525,Eco Tablet,3603.43,Informática,50,180171.5,2023-11-22
526,Pro Smartphone,4738.57,Informática,17,80555.69,2024-02-13
527,Nova Tênis,66.88,Livros,22,1471.36,2024-04-05
528,Eco Livro,152.67,Acessórios,3,458.01,2024-01-03
529,Super Raquete,2162.24,Eletrônicos,26,56218.24,2024-08-24
530,Nova Tênis,3510.36,Eletrônicos,4,14041.44,2024-06-17
531,Prime Cadeira,182.15,Roupas,34,6193.1,2024-02-18
532,Ultra Mochila,4245.91,Eletrônicos,32,135869.12,2025-05-19
533,Max Mochila,73.95,Brinquedos,24,1774.8,2023-08-09
534,Prime Tablet,13.41,Brinquedos,24,321.84,2025-01-05
535,Ultra Geladeira,1193.88,Informática,49,58500.12,2023-03-31
536,Ultra Cadeira,54.14,Esportes,44,2382.16,2024-03-26
537,Ultra Cadeira,57.51,Esportes,38,2185.38,2024-01-21
538,Nova Monitor,22.91,Roupas,21,481.11,2025-06-06
539,Nova Smartphone,2494.67,Informática,43,107270.81,2025-04-27
540,Tech Televisão,53.14,Brinquedos,38,2019.32,2023-04-26
541,Super Livro,169.53,Acessórios,16,2712.48,2023-04-29
542,Eco Tablet,81.24,Brinquedos,2,162.48,2024-11-28
543,Prime Camiseta,408.57,Eletrodomésticos,46,18794.22,2023-05-22
544,Super Teclado,120.35,Livros,9,1083.15,2025-06-28
545,Tech Mochila,663.73,Eletrônicos,18,11947.14,2023-04-15
546,Eco Tablet,664.71,Móveis,29,19276.59,2023-09-27
547,Super Raquete,2492.23,Informática,31,77259.13,2024-02-05
548,Tech Bola,2675.75,Eletrônicos,21,56190.75,2023-06-24
549,Ultra Tênis,369.88,Móveis,28,10356.64,2024-05-27
550,Super Sofá,2041.94,Eletrônicos,19,38796.86,2023-08-08
551,Pro Mochila,88.57,Roupas,37,3277.09,2023-04-26
552,Nova Monitor,967.24,Móveis,18,17410.32,2023-05-30
553,Tech Bola,163.54,Acessórios,23,3761.42,2024-10-15
554,Prime Smartphone,153.95,Roupas,4,615.8,2023-01-22
555,Prime Mochila,199.36,Roupas,23,4585.28,2024-08-01
556,Super Bola,4687.53,Eletrônicos,50,234376.5,2024-12-27
557,Max Sofá,1390.31,Informática,11,15293.41,2023-12-25
558,Super Livro,1759.17,Informática,11,19350.87,2023-01-31
559,Max Livro,1775.71,Móveis,34,60374.14,2024-05-30
560,Super Smartphone,579.33,Móveis,7,4055.31,2024-03-30
561,Prime Notebook,149.17,Esportes,34,5071.78,2025-03-20
562,Super Smartphone,105.61,Brinquedos,47,4963.67,2023-06-05
563,Eco Camiseta,1051.56,Eletrônicos,10,10515.6,2024-03-11
564,Ultra Raquete,61.13,Acessórios,6,366.78,2023-07-25
565,Tech Notebook,114.79,Livros,40,4591.6,2025-05-19
566,Eco Televisão,1785.38,Eletrodomésticos,8,14283.04,2025-02-05
567,Pro Televisão,475.99,Móveis,15,7139.85,2023-07-24
568,Pro Raquete,933.81,Informática,28,26146.68,2023-04-24
569,Eco Livro,49.78,Acessórios,13,647.14,2024-10-24
570,Tech Raquete,123.3,Esportes,22,2712.6,2024-09-16
571,Nova Sofá,181.83,Acessórios,23,4182.09,2024-04-18
572,Max Teclado,79.08,Brinquedos,46,3637.68,2024-05-16
573,Super Bola,1936.41,Informática,48,92947.68,2023-09-21
574,Prime Bola,67.97,Roupas,39,2650.83,2024-04-23
575,Max Televisão,625.7,Móveis,16,10011.2,2023-02-25
576,Prime Tênis,175.39,Roupas,36,6314.04,2025-01-03
577,Max Televisão,191.3,Acessórios,46,8799.8,2025-03-14
578,Tech Televisão,2884.61,Informática,5,14423.05,2023-09-29
579,Prime Raquete,40.12,Esportes,45,1805.4,2025-02-06
580,Super Televisão,33.8,Roupas,11,371.8,2023-06-14
581,Pro Geladeira,15.05,Livros,2,30.1,2025-01-08
582,Pro Smartphone,62.71,Esportes,48,3010.08,2024-03-10
583,Prime Tênis,2691.3,Informática,33,88812.9,2025-01-18
584,Prime Raquete,437.74,Eletrodomésticos,18,7879.32,2024-07-09
585,Nova Smartphone,118.45,Brinquedos,6,710.7,2024-01-12
586,Nova Teclado,2446.75,Eletrônicos,24,58722.0,2023-08-28
587,Super Tablet,3891.99,Eletrônicos,15,58379.85,2023-09-01
588,Prime Camiseta,103.06,Livros,38,3916.28,2023-06-11
589,Pro Bola,66.05,Roupas,14,924.7,2024-12-10
590,Max Livro,148.84,Livros,24,3572.16,2023-06-19
591,Super Tablet,100.54,Roupas,24,2412.96,2025-01-22
592,Tech Tablet,2428.28,Eletrônicos,1,2428.28,2025-03-15
593,Eco Sofá,132.0,Esportes,29,3828.0,2023-04-16
594,Prime Monitor,49.21,Esportes,5,246.05,2024-12-04
595,Ultra Monitor,1158.59,Móveis,26,30123.34,2023-06-14
596,Nova Livro,3462.69,Informática,40,138507.6,2025-01-29
597,Eco Notebook,66.22,Livros,13,860.86,2024-01-25
598,Ultra Mochila,1230.75,Eletrodomésticos,37,45537.75,2025-02-05
599,Super Televisão,191.88,Acessórios,24,4605.12,2023-07-26
600,Tech Smartphone,82.04,Esportes,16,1312.64,2025-06-07
601,Ultra Cadeira,27.07,Roupas,10,270.7,2023-09-15
602,Super Bola,137.85,Brinquedos,37,5100.45,2024-11-19
603,Pro Teclado,13.55,Brinquedos,27,365.85,2024-06-07
604,Tech Geladeira,4423.48,Eletrônicos,19,84046.12,2025-05-09
605,Tech Tênis,79.88,Livros,27,2156.76,2024-04-14
606,Prime Notebook,388.46,Eletrodomésticos,45,17480.7,2023-03-31
607,Nova Tênis,35.14,Livros,34,1194.76,2024-10-01
608,Nova Teclado,134.61,Esportes,26,3499.86,2025-01-19
609,Max Notebook,46.13,Livros,24,1107.12,2024-10-03
610,Nova Bola,63.38,Acessórios,3,190.14,2023-11-11
611,Eco Raquete,115.26,Livros,3,345.78,2023-08-30
612,Eco Sofá,1537.39,Eletrodomésticos,10,15373.9,2023-12-15
613,Eco Teclado,17.62,Brinquedos,16,281.92,2023-07-11
614,Pro Tablet,1696.04,Eletrodomésticos,48,81409.92,2023-08-08
615,Prime Televisão,80.1,Roupas,9,720.9,2024-04-23
616,Ultra Cadeira,147.98,Roupas,24,3551.52,2023-01-02
617,Tech Cadeira,2787.36,Eletrônicos,50,139368.0,2024-10-09
618,Eco Camiseta,310.34,Eletrodomésticos,20,6206.8,2023-02-25
619,Eco Monitor,26.53,Roupas,25,663.25,2025-06-14
620,Eco Bola,138.14,Acessórios,8,1105.12,2023-07-01
621,Nova Raquete,4651.56,Informática,41,190713.96,2023-04-07
622,Prime Monitor,3194.19,Eletrônicos,18,57495.42,2024-09-29
623,Pro Livro,4495.61,Eletrônicos,20,89912.2,2025-03-24
624,Max Raquete,64.41,Livros,1,64.41,2023-06-05
625,Eco Teclado,3237.9,Informática,14,45330.6,2024-08-23
626,Ultra Televisão,2167.17,Eletrodomésticos,3,6501.51,2023-12-27
627,Pro Sofá,4772.9,Informática,34,162278.6,2023-01-30
628,Super Raquete,72.02,Esportes,47,3384.94,2024-02-05
629,Pro Geladeira,1605.09,Móveis,36,57783.24,2025-04-01
630,Super Raquete,87.07,Esportes,30,2612.1,2024-12-19
631,Max Tablet,142.95,Roupas,12,1715.4,2024-06-25
632,Eco Smartphone,2162.44,Eletrodomésticos,16,34599.04,2024-01-24
633,Max Mochila,50.55,Livros,42,2123.1,2025-05-29
634,Super Smartphone,77.82,Livros,5,389.1,2024-03-23
635,Max Notebook,83.93,Brinquedos,20,1678.6,2024-10-11
636,Eco Tênis,1075.2,Móveis,17,18278.4,2023-01-14
637,Super Monitor,52.94,Esportes,11,582.34,2024-10-10
638,Ultra Monitor,101.01,Brinquedos,49,4949.49,2024-08-12
639,Nova Cadeira,146.49,Esportes,3,439.47,2025-01-15
640,Super Monitor,142.16,Acessórios,39,5544.24,2024-09-02
641,Max Teclado,63.59,Livros,34,2162.06,2024-04-20
642,Pro Notebook,18.79,Brinquedos,29,544.91,2023-09-05
643,Prime Tênis,121.6,Brinquedos,25,3040.0,2023-04-19
644,Ultra Smartphone,1521.17,Eletrodomésticos,21,31944.57,2023-12-28
645,Eco Livro,30.74,Roupas,6,184.44,2025-04-07
646,Tech Raquete,451.35,Móveis,29,13089.15,2023-01-11
647,Eco Tênis,2198.29,Eletrodomésticos,10,21982.9,2025-06-12
648,Ultra Raquete,70.56,Livros,3,211.68,2023-03-21
649,Pro Teclado,2052.46,Eletrônicos,26,53363.96,2024-08-06
650,Max Raquete,86.09,Acessórios,6,516.54,2023-09-26
651,Pro Tablet,60.18,Brinquedos,36,2166.48,2023-04-17
652,Eco Cadeira,73.1,Acessórios,35,2558.5,2023-07-09
653,Prime Televisão,168.71,Acessórios,22,3711.62,2025-06-16
654,Tech Sofá,1672.83,Móveis,18,30110.94,2025-01-31
655,Prime Geladeira,70.4,Esportes,50,3520.0,2023-06-28
656,Tech Camiseta,35.14,Esportes,46,1616.44,2023-10-18
657,Ultra Tablet,708.83,Informática,5,3544.15,2024-10-10
658,Tech Geladeira,1227.97,Informática,42,51574.74,2023-12-08
659,Eco Cadeira,3571.15,Informática,27,96421.05,2025-05-03
660,Eco Monitor,41.4,Roupas,16,662.4,2023-06-09
661,Tech Tênis,196.13,Acessórios,9,1765.17,2023-06-29
662,Tech Mochila,95.69,Livros,42,4018.98,2023-11-13
663,Tech Geladeira,4304.34,Informática,21,90391.14,2023-12-01
664,Pro Teclado,83.53,Esportes,14,1169.42,2024-02-08
665,Tech Televisão,2280.39,Informática,49,111739.11,2024-02-05
666,Super Mochila,70.27,Livros,45,3162.15,2025-03-11
667,Pro Mochila,89.61,Acessórios,38,3405.18,2024-04-27
668,Super Raquete,1817.01,Móveis,48,87216.48,2025-02-27
669,Super Tênis,1739.1,Móveis,17,29564.7,2024-09-26
670,Max Mochila,46.81,Brinquedos,36,1685.16,2025-05-05
671,Eco Raquete,553.14,Eletrodomésticos,8,4425.12,2023-02-17
672,Eco Cadeira,63.82,Esportes,34,2169.88,2024-02-18
673,Max Camiseta,57.88,Acessórios,13,752.44,2023-11-15
674,Ultra Notebook,1511.57,Eletrodomésticos,42,63485.94,2023-03-28
675,Max Bola,3688.59,Informática,17,62706.03,2023-09-14
676,Max Tablet,4914.47,Informática,31,152348.57,2023-02-18
677,Super Smartphone,1558.78,Móveis,21,32734.38,2024-03-16
678,Eco Cadeira,131.31,Brinquedos,33,4333.23,2023-11-18
679,Nova Raquete,106.16,Brinquedos,39,4140.24,2024-12-23
680,Tech Livro,132.58,Livros,42,5568.36,2024-08-04
681,Pro Mochila,122.44,Brinquedos,44,5387.36,2023-07-10
682,Nova Televisão,40.59,Acessórios,7,284.13,2023-11-02
683,Eco Bola,103.69,Acessórios,49,5080.81,2023-03-28
684,Max Monitor,32.35,Roupas,3,97.05,2024-07-17
685,Eco Geladeira,47.96,Esportes,40,1918.4,2024-05-14
686,Ultra Geladeira,3232.11,Eletrônicos,47,151909.17,2025-06-08
687,Pro Livro,55.97,Roupas,8,447.76,2024-02-14
688,Eco Monitor,121.32,Livros,42,5095.44,2023-03-17
689,Max Cadeira,1287.55,Informática,28,36051.4,2025-03-19
690,Tech Geladeira,53.69,Livros,50,2684.5,2023-02-19
691,Ultra Geladeira,1021.62,Eletrodomésticos,9,9194.58,2024-03-11
692,Super Cadeira,120.98,Livros,11,1330.78,2024-03-22
693,Pro Sofá,72.22,Acessórios,28,2022.16,2025-02-20
694,Eco Camiseta,80.75,Brinquedos,41,3310.75,2025-01-19
695,Pro Livro,137.55,Esportes,33,4539.15,2024-08-30
696,Ultra Tablet,173.11,Acessórios,30,5193.3,2024-02-29
697,Pro Raquete,1835.95,Eletrônicos,46,84453.7,2024-08-19
698,Pro Smartphone,153.0,Roupas,41,6273.0,2024-08-06
699,Max Monitor,75.47,Esportes,10,754.7,2023-10-22
700,Ultra Mochila,91.52,Brinquedos,1,91.52,2024-03-25
701,Max Geladeira,34.87,Brinquedos,26,906.62,2023-10-23
702,Ultra Tênis,85.1,Esportes,17,1446.7,2023-08-04
703,Super Raquete,178.72,Roupas,13,2323.36,2025-05-26
704,Tech Cadeira,67.82,Roupas,10,678.2,2023-07-31
705,Super Monitor,139.99,Esportes,40,5599.6,2024-04-17
706,Pro Raquete,102.79,Esportes,42,4317.18,2023-08-06
707,Nova Notebook,137.37,Livros,15,2060.55,2025-06-03
708,Prime Teclado,60.66,Roupas,36,2183.76,2023-08-05
709,Tech Camiseta,55.2,Acessórios,39,2152.8,2023-05-27
710,Eco Notebook,176.13,Acessórios,50,8806.5,2024-08-25
711,Nova Sofá,114.13,Esportes,6,684.78,2024-08-05
712,Super Raquete,100.92,Esportes,20,2018.4,2025-01-09
713,Max Tablet,1953.43,Móveis,43,83997.49,2023-12-31
714,Eco Tênis,51.76,Livros,11,569.36,2025-02-13
715,Nova Geladeira,2490.22,Eletrônicos,16,39843.52,2023-05-05
716,Tech Notebook,112.93,Esportes,32,3613.76,2024-04-16
717,Tech Sofá,1400.26,Eletrodomésticos,47,65812.22,2023-08-29
718,Prime Tênis,2738.73,Eletrônicos,31,84900.63,2024-01-08
719,Prime Teclado,4489.75,Eletrônicos,3,13469.25,2023-05-25
720,Super Monitor,4894.73,Eletrônicos,46,225157.58,2024-12-20
721,Tech Bola,57.86,Brinquedos,41,2372.26,2023-11-19
722,Prime Livro,102.85,Acessórios,3,308.55,2025-06-03
723,Nova Tênis,105.05,Brinquedos,44,4622.2,2025-03-09
724,Pro Camiseta,35.95,Roupas,3,107.85,2023-03-19
725,Tech Camiseta,102.1,Livros,11,1123.1,2024-10-05
726,Pro Geladeira,2211.11,Informática,18,39799.98,2023-03-05
727,Tech Tablet,694.13,Eletrodomésticos,26,18047.38,2023-06-10
728,Prime Livro,196.27,Acessórios,8,1570.16,2025-02-05
729,Max Smartphone,145.02,Brinquedos,46,6670.92,2024-10-22
730,Prime Camiseta,1656.76,Móveis,9,14910.84,2025-03-24
731,Pro Bola,2063.07,Eletrodomésticos,28,57765.96,2024-10-02
732,Pro Notebook,1885.94,Eletrodomésticos,34,64121.96,2024-12-03
733,Max Notebook,34.41,Acessórios,39,1341.99,2024-05-07
734,Max Bola,2874.51,Eletrônicos,37,106356.87,2024-02-06
735,Eco Tênis,158.48,Acessórios,46,7290.08,2024-06-15
736,Tech Sofá,165.56,Roupas,27,4470.12,2023-01-15
737,Super Raquete,4841.1,Eletrônicos,38,183961.8,2025-02-27
738,Nova Teclado,3041.15,Informática,36,109481.4,2023-11-11
739,Tech Teclado,97.27,Esportes,28,2723.56,2023-04-22
740,Pro Raquete,63.81,Brinquedos,9,574.29,2024-05-08
741,Tech Mochila,49.11,Brinquedos,37,1817.07,2025-04-28
742,Pro Camiseta,1551.36,Informática,23,35681.28,2025-01-03
743,Pro Sofá,2171.53,Eletrônicos,8,17372.24,2024-03-29
744,Tech Televisão,2357.52,Eletrodomésticos,14,33005.28,2025-06-01
745,Eco Cadeira,104.55,Acessórios,38,3972.9,2023-03-24
746,Tech Livro,188.84,Roupas,26,4909.84,2023-06-05
747,Pro Smartphone,187.02,Roupas,9,1683.18,2024-01-24
748,Super Sofá,190.64,Acessórios,37,7053.68,2023-01-02
749,Super Bola,3754.79,Eletrônicos,45,168965.55,2024-02-15
750,Ultra Monitor,75.65,Brinquedos,27,2042.55,2023-02-08
751,Tech Camiseta,774.51,Móveis,44,34078.44,2023-02-28
752,Pro Tablet,2681.26,Eletrônicos,29,77756.54,2024-01-14
753,Nova Cadeira,128.49,Roupas,10,1284.9,2023-04-07
754,Pro Tablet,110.87,Brinquedos,47,5210.89,2023-07-30
755,Prime Smartphone,2365.96,Informática,27,63880.92,2024-08-26
756,Tech Smartphone,36.17,Brinquedos,46,1663.82,2025-02-02
757,Tech Sofá,640.42,Eletrodomésticos,18,11527.56,2023-09-22
758,Max Sofá,87.03,Brinquedos,44,3829.32,2024-02-07
759,Eco Mochila,39.81,Roupas,16,636.96,2024-10-22
760,Ultra Sofá,112.6,Livros,31,3490.6,2024-07-01
761,Super Cadeira,597.8,Eletrodomésticos,27,16140.6,2023-02-07
762,Max Tênis,28.74,Esportes,14,402.36,2024-10-07
763,Super Geladeira,4548.29,Eletrônicos,31,140996.99,2024-12-01
764,Eco Tênis,43.87,Brinquedos,34,1491.58,2024-09-17
765,Max Monitor,107.9,Roupas,34,3668.6,2024-05-19
766,Tech Teclado,2437.38,Eletrodomésticos,25,60934.5,2023-01-31
767,Nova Camiseta,78.16,Acessórios,10,781.6,2024-07-23
768,Nova Monitor,519.64,Eletrônicos,30,15589.2,2024-03-02
769,Nova Cadeira,52.25,Brinquedos,23,1201.75,2024-02-16
770,Pro Televisão,1139.32,Móveis,17,19368.44,2023-04-23
771,Nova Televisão,1654.2,Eletrônicos,42,69476.4,2025-01-28
772,Ultra Raquete,4037.88,Informática,18,72681.84,2023-01-05
773,Prime Mochila,29.0,Brinquedos,17,493.0,2025-02-12
774,Pro Livro,97.15,Livros,8,777.2,2024-03-12
775,Nova Geladeira,3080.2,Eletrônicos,43,132448.6,2023-05-15
776,Super Teclado,4814.62,Eletrônicos,21,101107.02,2023-04-25
777,Ultra Smartphone,36.33,Esportes,20,726.6,2024-11-07
778,Prime Sofá,70.1,Esportes,20,1402.0,2023-01-28
779,Prime Geladeira,1736.46,Móveis,15,26046.9,2024-05-31
780,Ultra Monitor,799.16,Eletrônicos,29,23175.64,2024-07-17
781,Pro Livro,2428.75,Eletrodomésticos,6,14572.5,2023-12-02
782,Max Camiseta,98.0,Esportes,42,4116.0,2024-07-23
783,Nova Livro,2698.35,Informática,17,45871.95,2024-01-04
784,Eco Livro,190.91,Acessórios,22,4200.02,2024-11-30
785,Super Livro,67.39,Brinquedos,27,1819.53,2024-10-11
786,Tech Mochila,26.24,Acessórios,47,1233.28,2024-12-07
787,Nova Teclado,154.49,Roupas,1,154.49,2024-03-29
788,Tech Camiseta,65.22,Roupas,7,456.54,2023-02-13
789,Nova Smartphone,14.84,Esportes,11,163.24,2023-08-02
790,Super Sofá,70.2,Acessórios,30,2106.0,2023-05-09
791,Ultra Tablet,112.45,Brinquedos,23,2586.35,2025-03-06
792,Tech Geladeira,693.68,Informática,49,33990.32,2024-06-30
793,Pro Notebook,41.57,Brinquedos,33,1371.81,2023-05-06
794,Max Smartphone,15.31,Livros,18,275.58,2025-04-20
795,Tech Bola,2667.91,Eletrodomésticos,22,58694.02,2024-02-29
796,Nova Bola,52.18,Livros,19,991.42,2024-10-26
797,Max Geladeira,25.66,Brinquedos,13,333.58,2025-06-18
798,Ultra Geladeira,1126.82,Móveis,6,6760.92,2023-08-27
799,Tech Bola,2798.6,Informática,2,5597.2,2024-05-07
800,Max Geladeira,71.29,Livros,32,2281.28,2025-01-03
801,Eco Teclado,23.5,Roupas,22,517.0,2023-03-07
802,Ultra Tênis,12.34,Esportes,31,382.54,2023-09-11
803,Eco Tablet,2332.38,Informática,22,51312.36,2025-01-02
804,Ultra Teclado,61.08,Esportes,48,2931.84,2023-04-30
805,Pro Livro,965.08,Eletrodomésticos,35,33777.8,2023-09-06
806,Prime Cadeira,137.09,Livros,28,3838.52,2024-08-16
807,Super Raquete,1361.92,Informática,15,20428.8,2023-01-09
808,Nova Monitor,837.03,Móveis,29,24273.87,2023-12-22
809,Max Televisão,122.8,Brinquedos,6,736.8,2023-10-30
810,Prime Notebook,3603.18,Eletrônicos,15,54047.7,2024-05-15
811,Prime Bola,113.82,Esportes,3,341.46,2024-05-08
812,Max Raquete,19.18,Brinquedos,1,19.18,2023-04-27
813,Pro Notebook,4856.87,Informática,47,228272.89,2023-12-25
814,Ultra Notebook,188.71,Acessórios,39,7359.69,2024-02-19
815,Nova Tênis,1629.21,Móveis,35,57022.35,2023-05-02
816,Nova Bola,1273.42,Eletrônicos,10,12734.2,2024-06-08
817,Prime Sofá,142.78,Acessórios,19,2712.82,2024-12-15
818,Prime Tablet,55.18,Esportes,43,2372.74,2023-04-17
819,Nova Cadeira,41.12,Acessórios,41,1685.92,2024-03-02
820,Super Cadeira,2034.14,Informática,18,36614.52,2024-02-29
821,Nova Geladeira,60.74,Roupas,46,2794.04,2025-05-10
822,Max Camiseta,1798.34,Eletrônicos,4,7193.36,2023-06-30
823,Super Mochila,385.99,Móveis,13,5017.87,2024-05-30
824,Pro Livro,559.8,Móveis,44,24631.2,2025-02-19
825,Prime Mochila,167.96,Roupas,45,7558.2,2024-06-16
826,Pro Notebook,2501.65,Informática,47,117577.55,2025-04-02
827,Eco Livro,165.98,Acessórios,9,1493.82,2023-12-24
828,Pro Smartphone,128.3,Esportes,23,2950.9,2023-02-28
829,Tech Livro,136.38,Brinquedos,48,6546.24,2023-07-05
830,Super Sofá,47.03,Brinquedos,46,2163.38,2023-06-02
831,Tech Smartphone,175.72,Roupas,17,2987.24,2023-01-05
832,Prime Monitor,81.79,Roupas,5,408.95,2024-06-13
833,Pro Monitor,108.28,Acessórios,49,5305.72,2023-10-23
834,Max Bola,662.73,Informática,30,19881.9,2023-02-01
835,Nova Tênis,31.47,Acessórios,41,1290.27,2024-11-16
836,Pro Teclado,39.95,Livros,24,958.8,2025-03-22
837,Pro Bola,3352.24,Informática,40,134089.6,2023-11-17
838,Prime Mochila,852.84,Móveis,25,21321.0,2025-03-14
839,Prime Sofá,2621.48,Eletrodomésticos,8,20971.84,2023-01-14
840,Super Mochila,1526.27,Informática,15,22894.05,2023-04-07
841,Pro Raquete,145.37,Roupas,22,3198.14,2025-05-29
842,Pro Cadeira,4745.54,Informática,44,208803.76,2023-10-28
843,Prime Televisão,141.41,Livros,41,5797.81,2025-06-22
844,Prime Geladeira,71.73,Roupas,47,3371.31,2025-06-05
845,Ultra Tênis,50.16,Acessórios,4,200.64,2023-07-22
846,Ultra Livro,92.64,Brinquedos,23,2130.72,2023-07-31
847,Max Tablet,53.29,Acessórios,9,479.61,2023-07-28
848,Tech Notebook,3329.08,Eletrônicos,10,33290.8,2023-05-16
849,Ultra Notebook,64.22,Acessórios,19,1220.18,2024-06-04
850,Nova Camiseta,1437.4,Informática,1,1437.4,2023-01-24
851,Ultra Smartphone,90.78,Acessórios,26,2360.28,2023-01-22
852,Super Bola,4788.73,Informática,47,225070.31,2025-03-09
853,Max Tablet,41.32,Livros,24,991.68,2025-02-18
854,Ultra Cadeira,1117.39,Eletrônicos,31,34639.09,2023-04-18
855,Super Teclado,69.3,Esportes,18,1247.4,2023-03-07
856,Pro Tênis,2680.73,Eletrodomésticos,33,88464.09,2025-03-09
857,Eco Geladeira,4229.14,Eletrônicos,14,59207.96,2023-06-11
858,Eco Televisão,80.17,Acessórios,13,1042.21,2025-05-09
859,Prime Teclado,2083.32,Eletrodomésticos,45,93749.4,2024-06-20
860,Nova Smartphone,72.56,Livros,6,435.36,2025-01-06
861,Max Smartphone,154.54,Roupas,39,6027.06,2025-06-13
862,Nova Notebook,4565.13,Informática,10,45651.3,2023-08-21
863,Super Cadeira,1176.41,Eletrônicos,30,35292.3,2023-07-05
864,Max Bola,114.26,Roupas,44,5027.44,2024-07-04
865,Prime Mochila,193.04,Roupas,33,6370.32,2024-02-27
866,Nova Cadeira,92.21,Acessórios,18,1659.78,2024-05-29
867,Eco Televisão,143.23,Livros,11,1575.53,2025-05-04
868,Pro Sofá,96.7,Acessórios,2,193.4,2024-08-05
869,Super Sofá,2238.19,Eletrônicos,46,102956.74,2023-01-23
870,Tech Cadeira,63.14,Brinquedos,4,252.56,2024-03-22
871,Max Mochila,614.56,Eletrônicos,21,12905.76,2025-03-06
872,Nova Teclado,61.98,Brinquedos,30,1859.4,2023-03-09
873,Super Monitor,86.22,Acessórios,4,344.88,2025-01-13
874,Max Tênis,171.23,Roupas,16,2739.68,2023-03-04
875,Tech Camiseta,2816.0,Informática,41,115456.0,2023-01-20
876,Prime Cadeira,105.07,Acessórios,19,1996.33,2024-01-15
877,Ultra Tablet,326.84,Eletrodomésticos,17,5556.28,2024-05-03
878,Ultra Livro,2027.19,Informática,23,46625.37,2023-01-02
879,Nova Mochila,113.4,Acessórios,38,4309.2,2024-05-21
880,Prime Livro,299.64,Móveis,7,2097.48,2023-08-14
881,Eco Televisão,184.15,Roupas,1,184.15,2023-11-14
882,Max Bola,16.56,Esportes,30,496.8,2024-03-27
883,Max Mochila,2477.86,Eletrodomésticos,35,86725.1,2023-09-06
884,Eco Bola,177.0,Roupas,12,2124.0,2023-02-25
885,Prime Camiseta,2704.06,Eletrodomésticos,12,32448.72,2024-07-07
886,Tech Bola,392.06,Móveis,49,19210.94,2023-11-07
887,Ultra Geladeira,1436.18,Informática,27,38776.86,2023-07-10
888,Ultra Livro,4509.91,Eletrônicos,1,4509.91,2023-06-08
889,Prime Camiseta,1893.44,Eletrodomésticos,30,56803.2,2025-05-24
890,Super Smartphone,1110.49,Móveis,28,31093.72,2025-05-31
891,Super Smartphone,69.17,Acessórios,8,553.36,2023-10-10
892,Tech Monitor,1858.57,Informática,28,52039.96,2024-03-06
893,Eco Notebook,595.29,Eletrodomésticos,41,24406.89,2023-05-30
894,Pro Monitor,2293.18,Informática,6,13759.08,2024-02-05
895,Eco Tablet,2380.76,Informática,30,71422.8,2024-05-22
896,Eco Televisão,113.37,Brinquedos,18,2040.66,2023-04-09
897,Pro Smartphone,2283.11,Eletrodomésticos,50,114155.5,2024-03-04
898,Nova Geladeira,58.92,Livros,24,1414.08,2024-07-08
899,Ultra Bola,1850.04,Eletrodomésticos,49,90651.96,2025-05-24
900,Nova Bola,4468.29,Eletrônicos,4,17873.16,2024-01-31
901,Super Televisão,82.1,Esportes,32,2627.2,2023-11-16
902,Eco Bola,48.08,Esportes,31,1490.48,2025-01-17
903,Ultra Raquete,833.74,Eletrônicos,31,25845.94,2024-05-02
904,Ultra Sofá,3980.0,Eletrônicos,12,47760.0,2024-02-15
905,Eco Bola,99.01,Roupas,16,1584.16,2024-10-17
906,Max Cadeira,33.33,Acessórios,49,1633.17,2023-12-14
907,Eco Teclado,29.97,Brinquedos,49,1468.53,2023-11-12
908,Max Camiseta,187.64,Roupas,6,1125.84,2024-03-07
909,Tech Livro,149.99,Livros,38,5699.62,2025-02-11
910,Super Livro,166.26,Acessórios,29,4821.54,2023-03-17
911,Eco Sofá,189.59,Acessórios,19,3602.21,2025-05-29
912,Pro Teclado,83.33,Esportes,37,3083.21,2023-07-22
913,Pro Smartphone,67.58,Acessórios,11,743.38,2023-06-09
914,Nova Tablet,2824.81,Eletrodomésticos,19,53671.39,2023-07-06
915,Super Monitor,19.86,Esportes,2,39.72,2024-09-28
916,Super Tênis,44.03,Esportes,14,616.42,2024-08-06
917,Prime Cadeira,4005.57,Informática,47,188261.79,2023-07-23
918,Ultra Cadeira,102.59,Brinquedos,40,4103.6,2025-05-13
919,Nova Teclado,145.27,Roupas,41,5956.07,2025-03-18
920,Tech Teclado,85.57,Acessórios,33,2823.81,2023-02-26
921,Max Teclado,42.72,Acessórios,10,427.2,2023-11-20
922,Super Monitor,124.37,Esportes,38,4726.06,2023-03-20
923,Prime Mochila,145.24,Brinquedos,29,4211.96,2024-05-22
924,Eco Teclado,2194.04,Eletrônicos,8,17552.32,2024-02-24
925,Prime Mochila,107.64,Acessórios,43,4628.52,2024-05-08
926,Max Livro,177.51,Acessórios,33,5857.83,2025-05-29
927,Prime Tablet,299.08,Móveis,46,13757.68,2023-11-14
928,Ultra Sofá,107.29,Roupas,40,4291.6,2023-10-04
929,Ultra Cadeira,1387.5,Móveis,44,61050.0,2024-01-03
930,Max Mochila,147.84,Brinquedos,8,1182.72,2024-10-31
931,Nova Teclado,200.35,Móveis,25,5008.75,2024-10-25
932,Nova Smartphone,128.0,Livros,18,2304.0,2024-07-13
933,Prime Livro,94.5,Roupas,50,4725.0,2025-01-09
934,Max Geladeira,25.77,Acessórios,8,206.16,2023-02-24
935,Tech Notebook,183.12,Acessórios,38,6958.56,2024-04-19
936,Tech Tênis,3591.46,Eletrônicos,10,35914.6,2025-06-05
937,Super Raquete,1082.23,Eletrodomésticos,8,8657.84,2023-10-09
938,Pro Monitor,10.18,Esportes,28,285.04,2024-01-23
939,Pro Televisão,1038.71,Eletrodomésticos,10,10387.1,2023-09-22
940,Pro Bola,1114.42,Móveis,37,41233.54,2024-08-09
941,Nova Mochila,2998.99,Informática,36,107963.64,2024-01-26
942,Max Raquete,1979.77,Móveis,18,35635.86,2025-05-28
943,Super Televisão,3079.47,Eletrônicos,39,120099.33,2024-06-03
944,Prime Bola,72.37,Livros,42,3039.54,2024-12-19
945,Eco Livro,24.66,Livros,27,665.82,2023-10-07
946,Prime Tablet,60.2,Esportes,26,1565.2,2023-02-25
947,Ultra Raquete,1259.28,Informática,30,37778.4,2024-05-04
948,Super Raquete,74.05,Acessórios,40,2962.0,2025-05-17
949,Prime Livro,36.17,Livros,21,759.57,2024-02-24
950,Max Bola,2992.51,Eletrodomésticos,48,143640.48,2024-08-23
951,Ultra Mochila,50.22,Roupas,34,1707.48,2023-06-25
952,Tech Monitor,1971.46,Eletrodomésticos,27,53229.42,2024-04-11
953,Ultra Televisão,2784.21,Eletrônicos,1,2784.21,2025-03-29
954,Ultra Cadeira,41.24,Esportes,30,1237.2,2025-04-13
955,Prime Camiseta,881.29,Eletrônicos,39,34370.31,2024-11-11
956,Super Tênis,1610.26,Móveis,24,38646.24,2024-04-09
957,Tech Geladeira,68.73,Esportes,10,687.3,2023-05-21
958,Max Tênis,2996.9,Eletrodomésticos,47,140854.3,2025-06-01
959,Tech Teclado,2267.26,Eletrodomésticos,27,61216.02,2025-01-01
960,Eco Cadeira,48.49,Roupas,6,290.94,2025-05-16
961,Max Livro,81.49,Esportes,30,2444.7,2023-03-21
962,Pro Televisão,76.7,Livros,50,3835.0,2024-11-06
963,Max Raquete,74.71,Acessórios,25,1867.75,2023-06-01
964,Eco Bola,17.63,Livros,34,599.42,2023-03-02
965,Prime Smartphone,33.97,Acessórios,19,645.43,2023-11-28
966,Eco Monitor,192.99,Roupas,16,3087.84,2024-05-28
967,Super Sofá,1204.16,Informática,21,25287.36,2023-05-07
968,Nova Tablet,2588.2,Eletrônicos,16,41411.2,2025-06-24
969,Ultra Sofá,148.79,Brinquedos,47,6993.13,2025-02-10
970,Nova Camiseta,802.14,Informática,13,10427.82,2024-10-10
971,Ultra Mochila,1863.53,Eletrônicos,28,52178.84,2023-02-12
972,Eco Cadeira,1489.23,Informática,1,1489.23,2024-04-01
973,Pro Televisão,24.01,Roupas,26,624.26,2025-03-06
974,Pro Mochila,36.06,Livros,5,180.3,2023-03-24
975,Nova Livro,72.4,Brinquedos,35,2534.0,2024-08-16
976,Max Bola,3071.0,Informática,26,79846.0,2024-03-20
977,Super Monitor,74.05,Livros,18,1332.9,2024-10-29
978,Prime Smartphone,33.46,Roupas,50,1673.0,2023-11-11
979,Pro Mochila,913.48,Móveis,3,2740.44,2024-02-10
980,Super Tablet,104.56,Esportes,11,1150.16,2023-08-20
981,Max Bola,1643.19,Informática,24,39436.56,2025-01-13
982,Super Tablet,39.44,Brinquedos,21,828.24,2023-10-11
983,Max Tênis,1842.07,Informática,36,66314.52,2024-04-02
984,Max Tablet,50.74,Acessórios,20,1014.8,2024-11-08
985,Pro Bola,4776.99,Eletrônicos,42,200633.58,2024-08-17
986,Eco Smartphone,74.1,Roupas,27,2000.7,2023-06-08
987,Tech Mochila,119.87,Livros,14,1678.18,2023-10-21
988,Nova Teclado,51.23,Brinquedos,49,2510.27,2023-10-15
989,Pro Livro,103.55,Livros,33,3417.15,2023-01-21
990,Super Monitor,83.67,Brinquedos,13,1087.71,2024-12-18
991,Pro Bola,1734.79,Móveis,1,1734.79,2023-09-25
992,Nova Livro,65.27,Esportes,6,391.62,2024-07-20
993,Pro Camiseta,493.63,Eletrodomésticos,31,15302.53,2023-10-31
994,Max Teclado,152.57,Roupas,4,610.28,2025-05-16
995,Max Geladeira,104.12,Brinquedos,22,2290.64,2025-06-24
996,Tech Smartphone,110.47,Esportes,29,3203.63,2023-09-11
997,Prime Mochila,306.19,Móveis,42,12859.98,2024-04-07
998,Ultra Livro,15.52,Brinquedos,31,481.12,2024-04-20
999,Max Tênis,4402.72,Informática,45,198122.4,2024-09-02
1000,Eco Televisão,890.53,Móveis,2,1781.06,2024-01-01
